<?xml version="1.0" encoding="UTF-8" ?>
<jcr:root
  xmlns:sling="http://sling.apache.org/jcr/sling/1.0"
  xmlns:cq="http://www.day.com/jcr/cq/1.0"
  xmlns:jcr="http://www.jcp.org/jcr/1.0"
  xmlns:nt="http://www.jcp.org/jcr/nt/1.0"
  jcr:primaryType="cq:Page"
>
  <jcr:content
    cq:lastModified="{Date}2022-01-06T13:44:52.954-03:00"
    cq:lastModifiedBy="admin"
    cq:tags="[]"
    cq:template="/conf/aem-site-template-tailwind/settings/wcm/templates/xf-web-variation"
    cq:xfMasterVariation="{Boolean}true"
    cq:xfVariantType="web"
    jcr:primaryType="cq:PageContent"
    jcr:title="Article Recommendations"
    sling:resourceType="cq/experience-fragments/components/xfpage"
  >
    <root
      jcr:primaryType="nt:unstructured"
      sling:resourceType="core/wcm/components/container/v1/container"
      layout="responsiveGrid"
    >
      <container
        jcr:created="{Date}2022-01-06T11:21:16.278-03:00"
        jcr:createdBy="admin"
        jcr:lastModified="{Date}2022-01-06T11:21:22.254-03:00"
        jcr:lastModifiedBy="admin"
        jcr:primaryType="nt:unstructured"
        sling:resourceType="core/wcm/components/container/v1/container"
        layout="responsiveGrid"
      >
        <separator_copy
          jcr:created="{Date}2022-01-06T09:39:18.932-03:00"
          jcr:createdBy="admin"
          jcr:lastModified="{Date}2022-01-06T09:39:18.932-03:00"
          jcr:lastModifiedBy="admin"
          jcr:primaryType="nt:unstructured"
          sling:resourceType="core/wcm/components/separator/v1/separator"
        />
        <teaser_copy_copy
          cq:styleIds="[1612897379772]"
          jcr:created="{Date}2022-01-06T09:38:13.794-03:00"
          jcr:createdBy="admin"
          jcr:description="&lt;p>Aliquam et interdum quam. Curabitur vulputate ligula turpis, et semper felis porta non. Nunc lobortis ligula tortor, at egestas est eleifend sit amet. Ut ac nisi rhoncus, finibus arcu ut, semper lectus. Nam eros lorem, egestas in neque id, hendrerit ullamcorper tellus&lt;/p>&#xd;&#xa;"
          jcr:lastModified="{Date}2022-01-06T13:43:33.148-03:00"
          jcr:lastModifiedBy="admin"
          jcr:primaryType="nt:unstructured"
          jcr:title="Donec tristique efficitur"
          sling:resourceType="core/wcm/components/teaser/v1/teaser"
          actionsEnabled="true"
          descriptionFromPage="false"
          fileReference="/content/dam/aem-site-template-tailwind/building_large.png"
          textIsRich="true"
          titleFromPage="false"
        >
          <cq:responsive jcr:primaryType="nt:unstructured">
            <default jcr:primaryType="nt:unstructured" offset="2" width="8" />
            <phone jcr:primaryType="nt:unstructured" offset="0" width="12" />
          </cq:responsive>
          <actions jcr:primaryType="nt:unstructured">
            <item0
              jcr:primaryType="nt:unstructured"
              link="/content/aem-site-template-tailwind/en/article/donec-tristique-efficitur"
              text="Keep Reading"
            />
          </actions>
        </teaser_copy_copy>
        <teaser_copy_74296013
          cq:styleIds="[1612897454978]"
          jcr:created="{Date}2022-01-06T09:38:13.794-03:00"
          jcr:createdBy="admin"
          jcr:description="&lt;p>Duis in egestas magna. Integer eget diam ut felis consectetur porta. Praesent posuere et tellus ut dictum. Fusce fringilla sapien ligula, quis posuere risus tristique laoreet.&lt;/p>&#xd;&#xa;"
          jcr:lastModified="{Date}2022-01-06T13:44:09.262-03:00"
          jcr:lastModifiedBy="admin"
          jcr:primaryType="nt:unstructured"
          jcr:title="Fusce at efficitur mi"
          sling:resourceType="core/wcm/components/teaser/v1/teaser"
          actionsEnabled="true"
          descriptionFromPage="false"
          fileReference="/content/dam/aem-site-template-tailwind/building_large.png"
          textIsRich="true"
          titleFromPage="false"
        >
          <cq:responsive jcr:primaryType="nt:unstructured">
            <default jcr:primaryType="nt:unstructured" offset="2" width="8" />
            <phone jcr:primaryType="nt:unstructured" offset="0" width="12" />
          </cq:responsive>
          <actions jcr:primaryType="nt:unstructured">
            <item0
              jcr:primaryType="nt:unstructured"
              link="/content/aem-site-template-tailwind/en/article/fusce-at-efficitur-mi"
              text="Keep Reading"
            />
          </actions>
        </teaser_copy_74296013>
        <teaser_copy_74296013_2089031651
          cq:styleIds="[1612897379772]"
          jcr:created="{Date}2022-01-06T09:38:13.794-03:00"
          jcr:createdBy="admin"
          jcr:description="&lt;p>In suscipit metus ligula, nec suscipit est ullamcorper euismod. Quisque nulla turpis, venenatis quis auctor et, dignissim quis metus. Aliquam erat volutpat. Etiam venenatis, massa in hendrerit fringilla, dolor sapien auctor mi, sed pretium velit nisl ac purus.&lt;/p>&#xd;&#xa;"
          jcr:lastModified="{Date}2022-01-06T13:44:52.888-03:00"
          jcr:lastModifiedBy="admin"
          jcr:primaryType="nt:unstructured"
          jcr:title="Morbi dapibus libero velit"
          sling:resourceType="core/wcm/components/teaser/v1/teaser"
          actionsEnabled="true"
          descriptionFromPage="false"
          fileReference="/content/dam/aem-site-template-tailwind/building_large.png"
          textIsRich="true"
          titleFromPage="false"
        >
          <cq:responsive jcr:primaryType="nt:unstructured">
            <default jcr:primaryType="nt:unstructured" offset="2" width="8" />
            <phone jcr:primaryType="nt:unstructured" offset="0" width="12" />
          </cq:responsive>
          <actions jcr:primaryType="nt:unstructured">
            <item0
              jcr:primaryType="nt:unstructured"
              link="/content/aem-site-template-tailwind/en/article/morbi-dapibus-libero-velit"
              text="Keep Reading"
            />
          </actions>
        </teaser_copy_74296013_2089031651>
      </container>
    </root>
  </jcr:content>
</jcr:root>
