<?xml version="1.0" encoding="UTF-8" ?>
<jcr:root
  xmlns:sling="http://sling.apache.org/jcr/sling/1.0"
  xmlns:cq="http://www.day.com/jcr/cq/1.0"
  xmlns:jcr="http://www.jcp.org/jcr/1.0"
  xmlns:nt="http://www.jcp.org/jcr/nt/1.0"
  jcr:primaryType="cq:Page"
>
  <jcr:content
    cq:lastModified="{Date}2022-01-06T10:20:46.911-03:00"
    cq:lastModifiedBy="admin"
    cq:template="/conf/aem-site-template-tailwind/settings/wcm/templates/two-column-grid"
    jcr:primaryType="cq:PageContent"
    jcr:title="Contact Us"
    sling:resourceType="core/wcm/components/page/v2/page"
  >
    <root
      jcr:primaryType="nt:unstructured"
      sling:resourceType="core/wcm/components/container/v1/container"
    >
      <container_1134415548
        jcr:created="{Date}2022-01-06T08:47:59.708-03:00"
        jcr:createdBy="admin"
        jcr:lastModified="{Date}2022-01-06T09:44:45.753-03:00"
        jcr:lastModifiedBy="admin"
        jcr:primaryType="nt:unstructured"
        sling:resourceType="core/wcm/components/container/v1/container"
        layout="responsiveGrid"
      >
        <container
          jcr:created="{Date}2022-01-06T09:44:52.629-03:00"
          jcr:createdBy="admin"
          jcr:lastModified="{Date}2022-01-06T09:45:24.612-03:00"
          jcr:lastModifiedBy="admin"
          jcr:primaryType="nt:unstructured"
          sling:resourceType="core/wcm/components/container/v1/container"
          layout="responsiveGrid"
        >
          <container
            jcr:created="{Date}2022-01-06T09:44:58.490-03:00"
            jcr:createdBy="admin"
            jcr:lastModified="{Date}2022-01-06T09:47:51.669-03:00"
            jcr:lastModifiedBy="admin"
            jcr:primaryType="nt:unstructured"
            sling:resourceType="core/wcm/components/container/v1/container"
            layout="responsiveGrid"
          >
            <title
              jcr:created="{Date}2022-01-06T09:59:39.158-03:00"
              jcr:createdBy="admin"
              jcr:lastModified="{Date}2022-01-06T09:59:39.158-03:00"
              jcr:lastModifiedBy="admin"
              jcr:primaryType="nt:unstructured"
              sling:resourceType="core/wcm/components/title/v2/title"
            >
              <cq:responsive jcr:primaryType="nt:unstructured">
                <phone
                  jcr:primaryType="nt:unstructured"
                  offset="0"
                  width="12"
                />
              </cq:responsive>
            </title>
            <container_copy
              jcr:primaryType="nt:unstructured"
              sling:resourceType="core/wcm/components/form/container/v2/container"
              action="/content/usergenerated/aem-site-template-tailwind/fr/contact-us/cq-gen1613068812538/"
              actionType="foundation/components/form/actions/store"
            >
              <cq:responsive jcr:primaryType="nt:unstructured">
                <phone
                  jcr:primaryType="nt:unstructured"
                  offset="0"
                  width="12"
                />
              </cq:responsive>
              <options_copy jcr:primaryType="nt:unstructured" />
              <options_copy_267137654 jcr:primaryType="nt:unstructured" />
              <options
                jcr:primaryType="nt:unstructured"
                jcr:title="What can we do for you"
                sling:resourceType="core/wcm/components/form/options/v2/options"
                name="serviceoptions"
                source="local"
                type="drop-down"
              >
                <items jcr:primaryType="nt:unstructured">
                  <item0
                    jcr:primaryType="nt:unstructured"
                    selected="false"
                    text="Dropdown"
                    value="0"
                  />
                  <item1
                    jcr:primaryType="nt:unstructured"
                    selected="false"
                    text="Item 1"
                    value="1"
                  />
                  <item2
                    jcr:primaryType="nt:unstructured"
                    selected="false"
                    text="Item 2"
                    value="2"
                  />
                  <item3
                    jcr:primaryType="nt:unstructured"
                    selected="false"
                    text="Item 3"
                    value="3"
                  />
                  <item4
                    jcr:primaryType="nt:unstructured"
                    selected="false"
                    text="Item 4"
                    value="4"
                  />
                </items>
                <cq:responsive jcr:primaryType="nt:unstructured">
                  <phone
                    jcr:primaryType="nt:unstructured"
                    offset="0"
                    width="12"
                  />
                </cq:responsive>
              </options>
              <text
                jcr:primaryType="nt:unstructured"
                jcr:title="Name"
                sling:resourceType="core/wcm/components/form/text/v2/text"
                helpMessage="John Doe"
                name="name"
                rows="1"
                type="text"
                usePlaceholder="true"
              >
                <cq:responsive jcr:primaryType="nt:unstructured">
                  <default
                    jcr:primaryType="nt:unstructured"
                    offset="0"
                    width="6"
                  />
                  <phone
                    jcr:primaryType="nt:unstructured"
                    offset="0"
                    width="12"
                  />
                </cq:responsive>
              </text>
              <text_654930214
                jcr:primaryType="nt:unstructured"
                jcr:title="Company"
                sling:resourceType="core/wcm/components/form/text/v2/text"
                helpMessage="Wireframe"
                name="company"
                rows="1"
                type="text"
                usePlaceholder="true"
              >
                <cq:responsive jcr:primaryType="nt:unstructured">
                  <default
                    jcr:primaryType="nt:unstructured"
                    offset="0"
                    width="6"
                  />
                  <phone
                    jcr:primaryType="nt:unstructured"
                    offset="0"
                    width="12"
                  />
                </cq:responsive>
              </text_654930214>
              <text_copy
                jcr:primaryType="nt:unstructured"
                jcr:title="Email"
                sling:resourceType="core/wcm/components/form/text/v2/text"
                helpMessage="john@wireframe.site"
                name="email"
                rows="1"
                type="text"
                usePlaceholder="true"
              >
                <cq:responsive jcr:primaryType="nt:unstructured">
                  <default
                    jcr:primaryType="nt:unstructured"
                    offset="0"
                    width="6"
                  />
                  <phone
                    jcr:primaryType="nt:unstructured"
                    offset="0"
                    width="12"
                  />
                </cq:responsive>
              </text_copy>
              <text_654930214_copy
                jcr:primaryType="nt:unstructured"
                jcr:title="Phone"
                sling:resourceType="core/wcm/components/form/text/v2/text"
                helpMessage="800-800-0000"
                name="phone"
                rows="1"
                type="text"
                usePlaceholder="true"
              >
                <cq:responsive jcr:primaryType="nt:unstructured">
                  <default
                    jcr:primaryType="nt:unstructured"
                    offset="0"
                    width="6"
                  />
                  <phone
                    jcr:primaryType="nt:unstructured"
                    offset="0"
                    width="12"
                  />
                </cq:responsive>
              </text_654930214_copy>
              <text_654930214_copy_1009691643
                jcr:primaryType="nt:unstructured"
                jcr:title="Message"
                sling:resourceType="core/wcm/components/form/text/v2/text"
                helpMessage="Your message..."
                name="message"
                rows="5"
                type="textarea"
                usePlaceholder="true"
              >
                <cq:responsive jcr:primaryType="nt:unstructured">
                  <default
                    jcr:primaryType="nt:unstructured"
                    offset="0"
                    width="12"
                  />
                  <phone
                    jcr:primaryType="nt:unstructured"
                    offset="0"
                    width="12"
                  />
                </cq:responsive>
              </text_654930214_copy_1009691643>
              <options_1146192929
                jcr:primaryType="nt:unstructured"
                jcr:title="Send me a copy"
                sling:resourceType="core/wcm/components/form/options/v2/options"
                name="sendcopy"
                source="local"
                type="checkbox"
              >
                <cq:responsive jcr:primaryType="nt:unstructured">
                  <default
                    jcr:primaryType="nt:unstructured"
                    offset="0"
                    width="6"
                  />
                  <phone
                    jcr:primaryType="nt:unstructured"
                    offset="0"
                    width="12"
                  />
                </cq:responsive>
                <items jcr:primaryType="nt:unstructured">
                  <item0
                    jcr:primaryType="nt:unstructured"
                    selected="false"
                    text="Send me a copy"
                    value="1"
                  />
                </items>
              </options_1146192929>
              <button
                jcr:primaryType="nt:unstructured"
                jcr:title="Send message"
                sling:resourceType="core/wcm/components/form/button/v2/button"
                type="button"
              >
                <cq:responsive jcr:primaryType="nt:unstructured">
                  <default
                    jcr:primaryType="nt:unstructured"
                    offset="0"
                    width="6"
                  />
                  <phone
                    jcr:primaryType="nt:unstructured"
                    offset="0"
                    width="12"
                  />
                </cq:responsive>
              </button>
            </container_copy>
          </container>
          <container_copy
            jcr:created="{Date}2022-01-06T09:44:58.490-03:00"
            jcr:createdBy="admin"
            jcr:lastModified="{Date}2022-01-06T09:47:54.911-03:00"
            jcr:lastModifiedBy="admin"
            jcr:primaryType="nt:unstructured"
            sling:resourceType="core/wcm/components/container/v1/container"
            layout="responsiveGrid"
          >
            <container
              jcr:created="{Date}2022-01-06T09:55:18.492-03:00"
              jcr:createdBy="admin"
              jcr:lastModified="{Date}2022-01-06T09:55:53.843-03:00"
              jcr:lastModifiedBy="admin"
              jcr:primaryType="nt:unstructured"
              sling:resourceType="core/wcm/components/container/v1/container"
              layout="responsiveGrid"
            >
              <text_copy
                jcr:lastModified="{Date}2022-01-06T09:56:14.129-03:00"
                jcr:lastModifiedBy="admin"
                jcr:primaryType="nt:unstructured"
                sling:resourceType="core/wcm/components/text/v2/text"
                text="&lt;h4>Find Us&lt;/h4>&#xd;&#xa;&lt;p>Wireframe&lt;/p>&#xd;&#xa;&lt;p>&lt;a href=&quot;https://www.adobe.com&quot;>1251 Harrison Street&lt;/a>&lt;/p>&#xd;&#xa;&lt;p>&lt;a href=&quot;https://www.adobe.com&quot;>San Francisco, CA, 94108&lt;/a>&lt;/p>&#xd;&#xa;"
                textIsRich="true"
              >
                <cq:responsive jcr:primaryType="nt:unstructured">
                  <phone
                    jcr:primaryType="nt:unstructured"
                    offset="0"
                    width="10"
                  />
                  <default
                    jcr:primaryType="nt:unstructured"
                    offset="0"
                    width="4"
                  />
                </cq:responsive>
              </text_copy>
              <separator_copy_copy
                cq:styleIds="[1612911013038]"
                jcr:primaryType="nt:unstructured"
                sling:resourceType="core/wcm/components/separator/v1/separator"
              >
                <cq:responsive jcr:primaryType="nt:unstructured">
                  <phone
                    jcr:primaryType="nt:unstructured"
                    offset="0"
                    width="10"
                  />
                </cq:responsive>
              </separator_copy_copy>
              <text
                jcr:created="{Date}2022-01-06T09:56:32.602-03:00"
                jcr:createdBy="admin"
                jcr:lastModified="{Date}2022-01-06T09:57:28.112-03:00"
                jcr:lastModifiedBy="admin"
                jcr:primaryType="nt:unstructured"
                sling:resourceType="core/wcm/components/text/v2/text"
                text="&lt;h4>Need more help?&lt;/h4>&#xd;&#xa;&lt;p>Give us a call at&amp;nbsp;&lt;a href=&quot;tel:415-591-1416&quot; target=&quot;_blank&quot;>415-591-1416&lt;/a>&lt;/p>&#xd;&#xa;&lt;p>E-mail us at&amp;nbsp;&lt;a href=&quot;mailto:info@wireframe.site&quot;>info@wireframe.site&lt;/a>&lt;/p>&#xd;&#xa;"
                textIsRich="true"
              />
              <cq:responsive jcr:primaryType="nt:unstructured">
                <default
                  jcr:primaryType="nt:unstructured"
                  offset="1"
                  width="3"
                />
                <phone
                  jcr:primaryType="nt:unstructured"
                  offset="0"
                  width="12"
                />
              </cq:responsive>
            </container>
          </container_copy>
        </container>
      </container_1134415548>
    </root>
  </jcr:content>
</jcr:root>
