<?xml version="1.0" encoding="UTF-8" ?>
<jcr:root
  xmlns:sling="http://sling.apache.org/jcr/sling/1.0"
  xmlns:cq="http://www.day.com/jcr/cq/1.0"
  xmlns:jcr="http://www.jcp.org/jcr/1.0"
  xmlns:nt="http://www.jcp.org/jcr/nt/1.0"
  jcr:primaryType="cq:Page"
>
  <jcr:content
    cq:lastModified="{Date}2022-01-06T10:21:41.354-03:00"
    cq:lastModifiedBy="admin"
    cq:template="/conf/aem-site-template-tailwind/settings/wcm/templates/full-width-hero-grid-content"
    jcr:primaryType="cq:PageContent"
    jcr:title="Home"
    sling:resourceType="core/wcm/components/page/v2/page"
  >
    <root
      jcr:primaryType="nt:unstructured"
      sling:resourceType="core/wcm/components/container/v1/container"
    >
      <container
        jcr:lastModified="{Date}2022-01-06T09:36:28.964-03:00"
        jcr:lastModifiedBy="admin"
        jcr:primaryType="nt:unstructured"
        sling:resourceType="core/wcm/components/container/v1/container"
        layout="simple"
      >
        <teaser
          jcr:created="{Date}2022-01-06T09:38:13.794-03:00"
          jcr:createdBy="admin"
          jcr:description="&lt;p>Aliquam erat volutpat. Etiam venenatis, massa in hendrerit fringilla, dolor sapien auctor mi, sed pretium velit nisl ac purus. Nunc id ligula vel est pharetra faucibus. Vivamus ultrices lectus sed ultricies tempus.&lt;/p>&#xd;&#xa;"
          jcr:lastModified="{Date}2022-01-06T09:41:38.070-03:00"
          jcr:lastModifiedBy="admin"
          jcr:primaryType="nt:unstructured"
          jcr:title="This is a Teaser"
          sling:resourceType="core/wcm/components/teaser/v1/teaser"
          actionsEnabled="true"
          descriptionFromPage="false"
          fileReference="/content/dam/aem-site-template-tailwind/Image@2x.png"
          textIsRich="true"
          titleFromPage="false"
        >
          <actions jcr:primaryType="nt:unstructured">
            <item0
              jcr:primaryType="nt:unstructured"
              link="/content/aem-site-template-tailwind/en/home"
              text="Buy Now"
            />
            <item1
              jcr:primaryType="nt:unstructured"
              link="/content/aem-site-template-tailwind/en/home"
              text="Learn More"
            />
          </actions>
        </teaser>
      </container>
      <container_1134415548
        jcr:created="{Date}2022-01-06T08:47:59.708-03:00"
        jcr:createdBy="admin"
        jcr:lastModified="{Date}2022-01-06T08:52:51.644-03:00"
        jcr:lastModifiedBy="admin"
        jcr:primaryType="nt:unstructured"
        sling:resourceType="core/wcm/components/container/v1/container"
        layout="responsiveGrid"
      >
        <container
          jcr:created="{Date}2022-01-06T08:52:54.820-03:00"
          jcr:createdBy="admin"
          jcr:lastModified="{Date}2022-01-06T09:36:54.684-03:00"
          jcr:lastModifiedBy="admin"
          jcr:primaryType="nt:unstructured"
          sling:resourceType="core/wcm/components/container/v1/container"
          layout="responsiveGrid"
        >
          <title
            cq:styleIds="[09812749238742]"
            jcr:created="{Date}2022-01-06T09:39:10.624-03:00"
            jcr:createdBy="admin"
            jcr:lastModified="{Date}2022-01-06T09:39:41.190-03:00"
            jcr:lastModifiedBy="admin"
            jcr:primaryType="nt:unstructured"
            jcr:title="Welcome to the Wireframe Site Template"
            sling:resourceType="core/wcm/components/title/v2/title"
            type="h2"
          >
            <cq:responsive jcr:primaryType="nt:unstructured">
              <default jcr:primaryType="nt:unstructured" offset="1" width="8" />
              <phone jcr:primaryType="nt:unstructured" offset="0" width="12" />
            </cq:responsive>
          </title>
          <text
            jcr:created="{Date}2022-01-06T09:39:14.564-03:00"
            jcr:createdBy="admin"
            jcr:lastModified="{Date}2022-01-06T09:39:24.613-03:00"
            jcr:lastModifiedBy="admin"
            jcr:primaryType="nt:unstructured"
            sling:resourceType="core/wcm/components/text/v2/text"
            text="&lt;p>In suscipit metus ligula, nec suscipit est ullamcorper euismod. Quisque nulla turpis, venenatis quis auctor et, dignissim quis metus. Aliquam erat volutpat. Etiam venenatis, massa in hendrerit fringilla, dolor sapien auctor mi, sed pretium velit nisl ac purus. Nunc id ligula vel est pharetra faucibus. Vivamus ultrices lectus sed ultricies tempus. Duis in egestas magna. Integer eget diam ut felis consectetur porta. Praesent posuere et tellus ut dictum. Fusce fringilla sapien ligula, quis posuere risus tristique laoreet.&lt;/p>&#xd;&#xa;"
            textIsRich="true"
          >
            <cq:responsive jcr:primaryType="nt:unstructured">
              <default jcr:primaryType="nt:unstructured" offset="1" width="8" />
              <phone jcr:primaryType="nt:unstructured" offset="0" width="12" />
            </cq:responsive>
          </text>
          <separator
            jcr:created="{Date}2022-01-06T09:39:18.932-03:00"
            jcr:createdBy="admin"
            jcr:lastModified="{Date}2022-01-06T09:39:18.932-03:00"
            jcr:lastModifiedBy="admin"
            jcr:primaryType="nt:unstructured"
            sling:resourceType="core/wcm/components/separator/v1/separator"
          >
            <cq:responsive jcr:primaryType="nt:unstructured">
              <default
                jcr:primaryType="nt:unstructured"
                offset="1"
                width="11"
              />
              <phone jcr:primaryType="nt:unstructured" offset="0" width="12" />
            </cq:responsive>
          </separator>
          <teaser_copy
            cq:styleIds="[1612830658386]"
            jcr:created="{Date}2022-01-06T09:38:13.794-03:00"
            jcr:createdBy="admin"
            jcr:description="&lt;p>Nunc id ligula vel est pharetra faucibus. Vivamus ultrices lectus sed ultricies tempus. Duis in egestas magna. Integer eget diam ut felis consectetur porta. Praesent posuere et tellus ut dictum. Fusce fringilla sapien ligula, quis posuere risus tristique laoreet.&lt;/p>&#xd;&#xa;"
            jcr:lastModified="{Date}2022-01-06T09:41:31.530-03:00"
            jcr:lastModifiedBy="admin"
            jcr:primaryType="nt:unstructured"
            jcr:title="This is a Teaser"
            sling:resourceType="core/wcm/components/teaser/v1/teaser"
            actionsEnabled="true"
            descriptionFromPage="false"
            fileReference="/content/dam/aem-site-template-tailwind/building_large.png"
            textIsRich="true"
            titleFromPage="false"
          >
            <actions jcr:primaryType="nt:unstructured">
              <item0
                jcr:primaryType="nt:unstructured"
                link="/content/aem-site-template-tailwind/en/home"
                text="Buy Now"
              />
              <item1
                jcr:primaryType="nt:unstructured"
                link="/content/aem-site-template-tailwind/en/home"
                text="Learn More"
              />
            </actions>
            <cq:responsive jcr:primaryType="nt:unstructured">
              <default jcr:primaryType="nt:unstructured" offset="1" width="4" />
              <phone jcr:primaryType="nt:unstructured" offset="0" width="12" />
            </cq:responsive>
          </teaser_copy>
          <teaser_copy_742960135
            cq:styleIds="[1612830658386]"
            jcr:created="{Date}2022-01-06T09:38:13.794-03:00"
            jcr:createdBy="admin"
            jcr:description="&lt;p>Nunc id ligula vel est pharetra faucibus. Vivamus ultrices lectus sed ultricies tempus. Duis in egestas magna. Integer eget diam ut felis consectetur porta. Praesent posuere et tellus ut dictum. Fusce fringilla sapien ligula, quis posuere risus tristique laoreet.&lt;/p>&#xd;&#xa;"
            jcr:lastModified="{Date}2022-01-06T09:41:31.530-03:00"
            jcr:lastModifiedBy="admin"
            jcr:primaryType="nt:unstructured"
            jcr:title="This is a Teaser"
            sling:resourceType="core/wcm/components/teaser/v1/teaser"
            actionsEnabled="true"
            descriptionFromPage="false"
            fileReference="/content/dam/aem-site-template-tailwind/building_large.png"
            textIsRich="true"
            titleFromPage="false"
          >
            <actions jcr:primaryType="nt:unstructured">
              <item0
                jcr:primaryType="nt:unstructured"
                link="/content/aem-site-template-tailwind/en/home"
                text="Buy Now"
              />
              <item1
                jcr:primaryType="nt:unstructured"
                link="/content/aem-site-template-tailwind/en/home"
                text="Learn More"
              />
            </actions>
            <cq:responsive jcr:primaryType="nt:unstructured">
              <default jcr:primaryType="nt:unstructured" offset="0" width="4" />
              <phone jcr:primaryType="nt:unstructured" offset="0" width="12" />
            </cq:responsive>
          </teaser_copy_742960135>
        </container>
      </container_1134415548>
    </root>
  </jcr:content>
</jcr:root>
