<?xml version="1.0" encoding="UTF-8" ?>
<jcr:root
  xmlns:sling="http://sling.apache.org/jcr/sling/1.0"
  xmlns:cq="http://www.day.com/jcr/cq/1.0"
  xmlns:jcr="http://www.jcp.org/jcr/1.0"
  xmlns:nt="http://www.jcp.org/jcr/nt/1.0"
  jcr:primaryType="cq:Page"
>
  <jcr:content
    cq:lastModified="{Date}2022-01-06T13:48:44.838-03:00"
    cq:lastModifiedBy="admin"
    cq:template="/conf/aem-site-template-tailwind/settings/wcm/templates/article-page"
    jcr:primaryType="cq:PageContent"
    jcr:title="Articles"
    sling:resourceType="core/wcm/components/page/v2/page"
    pwaCachestrategy="staleWhileRevalidate"
    pwaDisplay="standalone"
    pwaOrientation="any"
  >
    <root
      jcr:primaryType="nt:unstructured"
      sling:resourceType="core/wcm/components/container/v1/container"
    >
      <container
        jcr:created="{Date}2022-01-06T09:17:26.934-03:00"
        jcr:createdBy="admin"
        jcr:lastModified="{Date}2022-01-06T09:17:26.934-03:00"
        jcr:lastModifiedBy="admin"
        jcr:primaryType="nt:unstructured"
        sling:resourceType="core/wcm/components/container/v1/container"
      >
        <container_1125714356
          jcr:created="{Date}2022-01-06T11:25:04.291-03:00"
          jcr:createdBy="admin"
          jcr:lastModified="{Date}2022-01-06T11:25:10.693-03:00"
          jcr:lastModifiedBy="admin"
          jcr:primaryType="nt:unstructured"
          sling:resourceType="core/wcm/components/container/v1/container"
          layout="responsiveGrid"
        >
          <title
            jcr:primaryType="nt:unstructured"
            sling:resourceType="core/wcm/components/title/v2/title"
            layout="responsiveGrid"
            cq:styleIds="[09812749219313]"
          />
          <container
            jcr:created="{Date}2022-01-06T09:17:29.978-03:00"
            jcr:createdBy="admin"
            jcr:lastModified="{Date}2022-01-06T11:27:16.626-03:00"
            jcr:lastModifiedBy="admin"
            jcr:primaryType="nt:unstructured"
            sling:resourceType="core/wcm/components/container/v1/container"
            layout="responsiveGrid"
          >
            <teaser_copy_copy_cop
              cq:styleIds="[1612830658386]"
              jcr:created="{Date}2022-01-06T09:38:13.794-03:00"
              jcr:createdBy="admin"
              jcr:description="&lt;p>Aliquam et interdum quam. Curabitur vulputate ligula turpis, et semper felis porta non. Nunc lobortis ligula tortor, at egestas est eleifend sit amet. Ut ac nisi rhoncus, finibus arcu ut, semper lectus. Nam eros lorem, egestas in neque id, hendrerit ullamcorper tellus&lt;/p>&#xd;&#xa;"
              jcr:lastModified="{Date}2022-01-06T13:48:29.674-03:00"
              jcr:lastModifiedBy="admin"
              jcr:primaryType="nt:unstructured"
              jcr:title="Duis bibendum vitae"
              sling:resourceType="core/wcm/components/teaser/v1/teaser"
              actionsEnabled="true"
              descriptionFromPage="false"
              fileReference="/content/dam/aem-site-template-tailwind/building_large.png"
              textIsRich="true"
              titleFromPage="false"
            >
              <cq:responsive jcr:primaryType="nt:unstructured">
                <default
                  jcr:primaryType="nt:unstructured"
                  offset="0"
                  width="10"
                />
                <phone
                  jcr:primaryType="nt:unstructured"
                  offset="0"
                  width="12"
                />
              </cq:responsive>
              <actions jcr:primaryType="nt:unstructured">
                <item0
                  jcr:primaryType="nt:unstructured"
                  link="/content/aem-site-template-tailwind/en/article/duis-bibendum-vitae"
                  text="Keep Reading"
                />
              </actions>
            </teaser_copy_copy_cop>
          </container>
        </container_1125714356>
      </container>
    </root>
  </jcr:content>
  <donec-tristique-efficitur />
  <fusce-at-efficitur-mi />
  <morbi-dapibus-libero-velit />
  <duis-bibendum-vitae />
</jcr:root>
