<?xml version="1.0" encoding="UTF-8" ?>
<jcr:root
  xmlns:sling="http://sling.apache.org/jcr/sling/1.0"
  xmlns:cq="http://www.day.com/jcr/cq/1.0"
  xmlns:jcr="http://www.jcp.org/jcr/1.0"
  xmlns:nt="http://www.jcp.org/jcr/nt/1.0"
  jcr:primaryType="cq:Page"
>
  <jcr:content
    cq:tags="[]"
    cq:template="/conf/aem-site-template-tailwind/settings/wcm/templates/xf-web-variation"
    cq:xfMasterVariation="{Boolean}true"
    cq:xfVariantType="web"
    jcr:primaryType="cq:PageContent"
    jcr:title="Footer"
    sling:resourceType="cq/experience-fragments/components/xfpage"
  >
    <root
      jcr:primaryType="nt:unstructured"
      sling:resourceType="core/wcm/components/container/v1/container"
      id="main-footer"
      layout="responsiveGrid"
    >
      <separator
        jcr:primaryType="nt:unstructured"
        sling:resourceType="core/wcm/components/separator/v1/separator"
      />
      <image
        jcr:primaryType="nt:unstructured"
        sling:resourceType="core/wcm/components/image/v2/image"
        fileReference="/content/dam/aem-site-template-tailwind/Group 3458@2x.png"
        alt="Wireframe"
        altValueFromDAM="false"
        displayPopupTitle="false"
        isDecorative="false"
        linkURL="/content/aem-site-template-tailwind/en/home"
        titleValueFromDAM="true"
      >
        <cq:responsive jcr:primaryType="nt:unstructured">
          <default jcr:primaryType="nt:unstructured" offset="1" width="1" />
          <phone jcr:primaryType="nt:unstructured" offset="0" width="12" />
        </cq:responsive>
      </image>
      <title
        cq:styleIds="[1612988098073]"
        jcr:primaryType="nt:unstructured"
        jcr:title="© Company Name Address Ave, City Name, State ZIP"
        sling:resourceType="core/wcm/components/title/v2/title"
        type="h6"
      >
        <cq:responsive jcr:primaryType="nt:unstructured">
          <default jcr:primaryType="nt:unstructured" offset="0" width="7" />
          <phone jcr:primaryType="nt:unstructured" offset="0" width="12" />
        </cq:responsive>
      </title>
      <text_835927192
        cq:styleIds="[1612907922119]"
        jcr:primaryType="nt:unstructured"
        sling:resourceType="core/wcm/components/text/v2/text"
        text="&lt;p>&lt;a href=&quot;https://www.adobe.com&quot;>Terms of Use&lt;/a>&lt;/p>&#xd;&#xa;"
        textIsRich="true"
      >
        <cq:responsive jcr:primaryType="nt:unstructured">
          <default jcr:primaryType="nt:unstructured" offset="0" width="1" />
          <phone jcr:primaryType="nt:unstructured" offset="1" width="5" />
        </cq:responsive>
      </text_835927192>
      <text_626570102
        cq:styleIds="[1612907922119]"
        jcr:primaryType="nt:unstructured"
        sling:resourceType="core/wcm/components/text/v2/text"
        text="&lt;p>&lt;a href=&quot;https://www.adobe.com&quot;>Privacy Policy&lt;/a>&lt;/p>&#xd;&#xa;"
        textIsRich="true"
      >
        <cq:responsive jcr:primaryType="nt:unstructured">
          <default jcr:primaryType="nt:unstructured" offset="0" width="2" />
          <phone jcr:primaryType="nt:unstructured" offset="0" width="5" />
        </cq:responsive>
      </text_626570102>
    </root>
  </jcr:content>
</jcr:root>
